photo,name,mobile,area,staff,package,connectionid,connectionpass,joindate,role,accountemail,accountpass,location
user.png,John Alan,0,London,John Doe,Basic,john755,123456,28.08.2017,user,john@ispm.com,123456,London
user.png,John Alan,1,London,John Doe,Basic,john756,123457,28.08.2018,user,john@ispm.com,123457,London
user.png,John Alan,2,London,John Doe,Basic,john757,123458,28.08.2019,user,john@ispm.com,123458,London
user.png,John Alan,3,London,John Doe,Basic,john758,123459,28.08.2020,user,john@ispm.com,123459,London
user.png,John Alan,4,London,John Doe,Basic,john759,123460,28.08.2021,user,john@ispm.com,123460,London
user.png,John Alan,5,London,John Doe,Basic,john760,123461,28.08.2022,user,john@ispm.com,123461,London
user.png,John Alan,6,London,John Doe,Basic,john761,123462,28.08.2023,user,john@ispm.com,123462,London
user.png,John Alan,7,London,John Doe,Basic,john762,123463,28.08.2024,user,john@ispm.com,123463,London
user.png,John Alan,8,London,John Doe,Basic,john763,123464,28.08.2025,user,john@ispm.com,123464,London
user.png,John Alan,9,London,John Doe,Basic,john764,123465,28.08.2026,user,john@ispm.com,123465,London
user.png,John Alan,10,London,John Doe,Basic,john765,123466,28.08.2027,user,john@ispm.com,123466,London
user.png,John Alan,11,London,John Doe,Basic,john766,123467,28.08.2028,user,john@ispm.com,123467,London
user.png,John Alan,12,London,John Doe,Basic,john767,123468,28.08.2029,user,john@ispm.com,123468,London
user.png,John Alan,13,London,John Doe,Basic,john768,123469,28.08.2030,user,john@ispm.com,123469,London
user.png,John Alan,14,London,John Doe,Basic,john769,123470,28.08.2031,user,john@ispm.com,123470,London
